"Guid","Name","SBQQ__MethodName__c","SBQQ__Version__c"
02b180e0-7647-4e5d-b500-d7a5fc540be0,a2XDn0000022Xnp,SBQQ.RootIdSetterChildAssets,228.7
0cbe0593-5cef-4d61-ac9f-36a616ce9a42,a2XDn0000022Xnj,SBQQ.CustomActionRefFieldGenerator,228.7
0d2c1c04-8ceb-48b4-80e3-cfcb12d99671,a2XDn0000022Xng,SBQQ.ProductRuleRefFieldGenerator,228.7
2550bdd9-db1c-46c7-8052-61d0e578f0f3,a2XDn0000022Xne,updateOIsWithAssetsContractsSubs,228.7
2ea670de-9d92-4a55-aac8-5ef73d212858,a2XDn0000022XnL,createViewConsumptionScheduleLineAction,228.7
33d366f2-4b74-4e58-99f8-880207db4425,a2XDn0000022XnW,SBQQ.InstallProcessorBatchQLIPriceBookEntry,228.7
402b1a15-0aa4-4514-bb4f-8074cc266453,a2XDn0000022XnU,CalculatorReferencedFieldRemover,228.7
4155ce62-e2c0-4e69-88c3-6f4a2da5d9de,a2XDn0000022XnX,SBQQ.InstallProcessorBatchRequiredByAsset,228.7
4ada26ff-c660-4546-b4e4-40d1440ddf76,a2XDn0000022XnT,SBQQ.InstallProcessorBatchQuantityEditable,228.7
5c357b5c-6871-49c6-8105-f6470567ca27,a2XDn0000022XnM,createExternalConfiguratorCustomAction,228.7
6f6ee540-a05b-421c-a15e-ae4f3a3554a4,a2XDn0000022Xnm,SBQQ.RootIdSetterParentSubscriptions,228.7
72def5cf-2cdc-47c7-a7ae-812bd3d2ef3b,a2XDn0000022XnN,createAmendSubscriptionsCustomQleAction,228.7
802837c8-7b58-4731-90b2-510588d1ef72,a2XDn0000022Xni,SBQQ.InstallProcessorBatchHasCS,228.7
82b9b083-234d-4984-8b61-3d076a62ca34,a2XDn0000022Xno,SBQQ.RootIdSetterChildSubscriptions,228.7
88c0aa85-369e-4591-abff-4e871601737f,a2XDn0000022XnK,createCustomActionsOnQLE,228.7
8a23c6dc-fcde-4bf4-8d66-37237600d8b8,a2XDn0000022Xnk,SBQQ.ProductRefFieldGenerator,228.7
8b6b02ec-4afd-4a62-94f7-dbccac66b3eb,a2XDn0000022XnP,createConfiguratorEditRulesAction,228.7
a444ad65-99cb-42bf-ab7f-32b52d5f1592,a2XDn0000022Xnc,SBQQ.InstallProcessorBatchAssetCombineKey,228.7
a8726feb-c7a9-4d8e-a240-b94e295605bc,a2XDn0000022XnY,SBQQ.ReferencedFieldRemover,228.7
b13d3f5b-0cc0-4dfa-b275-467e86a45ec2,a2XDn0000022XnZ,SBQQ.InstallProcessorBatchLocalizationIndex,228.7
b93b56d6-1de3-46a4-9079-22a60aa3ca88,a2XDn0000022Xnd,SBQQ.DiscountScheduleRefFieldGenerator,228.7
b9fd9d81-395b-4410-ad1b-ddd522276459,a2XDn0000022XnO,viewPricingGuidanceLineAction,228.7
bf9b2a68-511f-4a03-b9d2-a8e4df5daaf2,a2XDn0000022Xnb,SBQQ.InstallProcessorBatchThemeGenerator,228.7
c4b521c8-6706-4e04-83a0-5e73abab7519,a2XDn0000022XnQ,enableFlagToPreventBackdatedAmendments,228.7
c9a64780-534f-4347-bf7c-8ad0fba3def4,a2XDn0000022Xnf,SBQQ.SummaryVarRefFieldGenerator,228.7
d69b6852-df94-4ba9-a516-1d4b06f8b0cf,a2XDn0000022Xna,SBQQ.BatchableDSExclusionGenerator,228.7
d9581561-888a-4380-b03d-aed81c162de7,a2XDn0000022Xnl,SBQQ.BatchableConfigAttrReferencedFieldUtil,228.7
e5ad57c2-c3bb-4ab8-b12d-9dedef34fdbf,a2XDn0000022Xnn,SBQQ.RootIdSetterParentAssets,228.7
f3ca88f3-1fda-47f4-a7bd-5df1c7a21800,a2XDn0000022Xnh,SBQQ.PriceRuleRefFieldGenerator,228.7
f4b8f10a-2f42-45f3-b4b3-90ad3d147852,a2XDn0000022XnS,SBQQ.InstallProcessorBatchRegularPrice,228.7
f55aae57-52a3-43f5-ae96-5b2db8b87074,a2XDn0000022XnR,createAddRecommendedProductsAction,228.7
fe900fb8-4fa1-4145-ae19-e3b6961454b9,a2XDn0000022XnV,SBQQ.BatchablePluginTranspileUtil,228.7
